name,description,portcount
gpu-hardwarefree-001,NVIDIA HGX H100/H200/B200 (Spectrum-X) Node 001 (8 RoCE + 2 NS + 1 OOB),11
gpu-hardwarefree-002,NVIDIA HGX H100/H200/B200 (Spectrum-X) Node 002 (8 RoCE + 2 NS + 1 OOB),11
gpu-hardwarefree-003,NVIDIA HGX H100/H200/B200 (Spectrum-X) Node 003 (8 RoCE + 2 NS + 1 OOB),11
gpu-hardwarefree-004,NVIDIA HGX H100/H200/B200 (Spectrum-X) Node 004 (8 RoCE + 2 NS + 1 OOB),11
gpu-hardwarefree-005,NVIDIA HGX H100/H200/B200 (Spectrum-X) Node 005 (8 RoCE + 2 NS + 1 OOB),11
gpu-hardwarefree-006,NVIDIA HGX H100/H200/B200 (Spectrum-X) Node 006 (8 RoCE + 2 NS + 1 OOB),11
gpu-hardwarefree-007,NVIDIA HGX H100/H200/B200 (Spectrum-X) Node 007 (8 RoCE + 2 NS + 1 OOB),11
gpu-hardwarefree-008,NVIDIA HGX H100/H200/B200 (Spectrum-X) Node 008 (8 RoCE + 2 NS + 1 OOB),11
gpu-hardwarefree-009,NVIDIA HGX H100/H200/B200 (Spectrum-X) Node 009 (8 RoCE + 2 NS + 1 OOB),11
gpu-hardwarefree-010,NVIDIA HGX H100/H200/B200 (Spectrum-X) Node 010 (8 RoCE + 2 NS + 1 OOB),11
gpu-hardwarefree-011,NVIDIA HGX H100/H200/B200 (Spectrum-X) Node 011 (8 RoCE + 2 NS + 1 OOB),11
gpu-hardwarefree-012,NVIDIA HGX H100/H200/B200 (Spectrum-X) Node 012 (8 RoCE + 2 NS + 1 OOB),11
gpu-hardwarefree-013,NVIDIA HGX H100/H200/B200 (Spectrum-X) Node 013 (8 RoCE + 2 NS + 1 OOB),11
gpu-hardwarefree-014,NVIDIA HGX H100/H200/B200 (Spectrum-X) Node 014 (8 RoCE + 2 NS + 1 OOB),11
gpu-hardwarefree-015,NVIDIA HGX H100/H200/B200 (Spectrum-X) Node 015 (8 RoCE + 2 NS + 1 OOB),11
gpu-hardwarefree-016,NVIDIA HGX H100/H200/B200 (Spectrum-X) Node 016 (8 RoCE + 2 NS + 1 OOB),11
gpu-hardwarefree-017,NVIDIA HGX H100/H200/B200 (Spectrum-X) Node 017 (8 RoCE + 2 NS + 1 OOB),11
gpu-hardwarefree-018,NVIDIA HGX H100/H200/B200 (Spectrum-X) Node 018 (8 RoCE + 2 NS + 1 OOB),11
gpu-hardwarefree-019,NVIDIA HGX H100/H200/B200 (Spectrum-X) Node 019 (8 RoCE + 2 NS + 1 OOB),11
gpu-hardwarefree-020,NVIDIA HGX H100/H200/B200 (Spectrum-X) Node 020 (8 RoCE + 2 NS + 1 OOB),11
gpu-hardwarefree-021,NVIDIA HGX H100/H200/B200 (Spectrum-X) Node 021 (8 RoCE + 2 NS + 1 OOB),11
gpu-hardwarefree-022,NVIDIA HGX H100/H200/B200 (Spectrum-X) Node 022 (8 RoCE + 2 NS + 1 OOB),11
gpu-hardwarefree-023,NVIDIA HGX H100/H200/B200 (Spectrum-X) Node 023 (8 RoCE + 2 NS + 1 OOB),11
gpu-hardwarefree-024,NVIDIA HGX H100/H200/B200 (Spectrum-X) Node 024 (8 RoCE + 2 NS + 1 OOB),11
gpu-hardwarefree-025,NVIDIA HGX H100/H200/B200 (Spectrum-X) Node 025 (8 RoCE + 2 NS + 1 OOB),11
gpu-hardwarefree-026,NVIDIA HGX H100/H200/B200 (Spectrum-X) Node 026 (8 RoCE + 2 NS + 1 OOB),11
gpu-hardwarefree-027,NVIDIA HGX H100/H200/B200 (Spectrum-X) Node 027 (8 RoCE + 2 NS + 1 OOB),11
gpu-hardwarefree-028,NVIDIA HGX H100/H200/B200 (Spectrum-X) Node 028 (8 RoCE + 2 NS + 1 OOB),11
gpu-hardwarefree-029,NVIDIA HGX H100/H200/B200 (Spectrum-X) Node 029 (8 RoCE + 2 NS + 1 OOB),11
gpu-hardwarefree-030,NVIDIA HGX H100/H200/B200 (Spectrum-X) Node 030 (8 RoCE + 2 NS + 1 OOB),11
gpu-hardwarefree-031,NVIDIA HGX H100/H200/B200 (Spectrum-X) Node 031 (8 RoCE + 2 NS + 1 OOB),11
gpu-hardwarefree-032,NVIDIA HGX H100/H200/B200 (Spectrum-X) Node 032 (8 RoCE + 2 NS + 1 OOB),11
gpu-hardwarefree-033,NVIDIA HGX H100/H200/B200 (Spectrum-X) Node 033 (8 RoCE + 2 NS + 1 OOB),11
gpu-hardwarefree-034,NVIDIA HGX H100/H200/B200 (Spectrum-X) Node 034 (8 RoCE + 2 NS + 1 OOB),11
gpu-hardwarefree-035,NVIDIA HGX H100/H200/B200 (Spectrum-X) Node 035 (8 RoCE + 2 NS + 1 OOB),11
gpu-hardwarefree-036,NVIDIA HGX H100/H200/B200 (Spectrum-X) Node 036 (8 RoCE + 2 NS + 1 OOB),11
gpu-hardwarefree-037,NVIDIA HGX H100/H200/B200 (Spectrum-X) Node 037 (8 RoCE + 2 NS + 1 OOB),11
gpu-hardwarefree-038,NVIDIA HGX H100/H200/B200 (Spectrum-X) Node 038 (8 RoCE + 2 NS + 1 OOB),11
gpu-hardwarefree-039,NVIDIA HGX H100/H200/B200 (Spectrum-X) Node 039 (8 RoCE + 2 NS + 1 OOB),11
gpu-hardwarefree-040,NVIDIA HGX H100/H200/B200 (Spectrum-X) Node 040 (8 RoCE + 2 NS + 1 OOB),11
gpu-hardwarefree-041,NVIDIA HGX H100/H200/B200 (Spectrum-X) Node 041 (8 RoCE + 2 NS + 1 OOB),11
gpu-hardwarefree-042,NVIDIA HGX H100/H200/B200 (Spectrum-X) Node 042 (8 RoCE + 2 NS + 1 OOB),11
gpu-hardwarefree-043,NVIDIA HGX H100/H200/B200 (Spectrum-X) Node 043 (8 RoCE + 2 NS + 1 OOB),11
gpu-hardwarefree-044,NVIDIA HGX H100/H200/B200 (Spectrum-X) Node 044 (8 RoCE + 2 NS + 1 OOB),11
gpu-hardwarefree-045,NVIDIA HGX H100/H200/B200 (Spectrum-X) Node 045 (8 RoCE + 2 NS + 1 OOB),11
gpu-hardwarefree-046,NVIDIA HGX H100/H200/B200 (Spectrum-X) Node 046 (8 RoCE + 2 NS + 1 OOB),11
gpu-hardwarefree-047,NVIDIA HGX H100/H200/B200 (Spectrum-X) Node 047 (8 RoCE + 2 NS + 1 OOB),11
gpu-hardwarefree-048,NVIDIA HGX H100/H200/B200 (Spectrum-X) Node 048 (8 RoCE + 2 NS + 1 OOB),11
gpu-hardwarefree-049,NVIDIA HGX H100/H200/B200 (Spectrum-X) Node 049 (8 RoCE + 2 NS + 1 OOB),11
gpu-hardwarefree-050,NVIDIA HGX H100/H200/B200 (Spectrum-X) Node 050 (8 RoCE + 2 NS + 1 OOB),11
gpu-hardwarefree-051,NVIDIA HGX H100/H200/B200 (Spectrum-X) Node 051 (8 RoCE + 2 NS + 1 OOB),11
gpu-hardwarefree-052,NVIDIA HGX H100/H200/B200 (Spectrum-X) Node 052 (8 RoCE + 2 NS + 1 OOB),11
gpu-hardwarefree-053,NVIDIA HGX H100/H200/B200 (Spectrum-X) Node 053 (8 RoCE + 2 NS + 1 OOB),11
gpu-hardwarefree-054,NVIDIA HGX H100/H200/B200 (Spectrum-X) Node 054 (8 RoCE + 2 NS + 1 OOB),11
gpu-hardwarefree-055,NVIDIA HGX H100/H200/B200 (Spectrum-X) Node 055 (8 RoCE + 2 NS + 1 OOB),11
gpu-hardwarefree-056,NVIDIA HGX H100/H200/B200 (Spectrum-X) Node 056 (8 RoCE + 2 NS + 1 OOB),11
gpu-hardwarefree-057,NVIDIA HGX H100/H200/B200 (Spectrum-X) Node 057 (8 RoCE + 2 NS + 1 OOB),11
gpu-hardwarefree-058,NVIDIA HGX H100/H200/B200 (Spectrum-X) Node 058 (8 RoCE + 2 NS + 1 OOB),11
gpu-hardwarefree-059,NVIDIA HGX H100/H200/B200 (Spectrum-X) Node 059 (8 RoCE + 2 NS + 1 OOB),11
gpu-hardwarefree-060,NVIDIA HGX H100/H200/B200 (Spectrum-X) Node 060 (8 RoCE + 2 NS + 1 OOB),11
gpu-hardwarefree-061,NVIDIA HGX H100/H200/B200 (Spectrum-X) Node 061 (8 RoCE + 2 NS + 1 OOB),11
gpu-hardwarefree-062,NVIDIA HGX H100/H200/B200 (Spectrum-X) Node 062 (8 RoCE + 2 NS + 1 OOB),11
gpu-hardwarefree-063,NVIDIA HGX H100/H200/B200 (Spectrum-X) Node 063 (8 RoCE + 2 NS + 1 OOB),11
gpu-hardwarefree-064,NVIDIA HGX H100/H200/B200 (Spectrum-X) Node 064 (8 RoCE + 2 NS + 1 OOB),11
