leaf,leaf_port,gpu,gpu_port
sw-egg-frontend-leaf01,swp1,gpu-egg-001,eth9
sw-egg-frontend-leaf02,swp1,gpu-egg-001,eth10
sw-egg-frontend-leaf03,swp1,gpu-egg-002,eth9
sw-egg-frontend-leaf04,swp1,gpu-egg-002,eth10
sw-egg-frontend-leaf05,swp1,gpu-egg-003,eth9
sw-egg-frontend-leaf06,swp1,gpu-egg-003,eth10
sw-egg-frontend-leaf01,swp2,gpu-egg-004,eth9
sw-egg-frontend-leaf02,swp2,gpu-egg-004,eth10
sw-egg-frontend-leaf03,swp2,gpu-egg-005,eth9
sw-egg-frontend-leaf04,swp2,gpu-egg-005,eth10
sw-egg-frontend-leaf05,swp2,gpu-egg-006,eth9
sw-egg-frontend-leaf06,swp2,gpu-egg-006,eth10
sw-egg-frontend-leaf01,swp3,gpu-egg-007,eth9
sw-egg-frontend-leaf02,swp3,gpu-egg-007,eth10
sw-egg-frontend-leaf03,swp3,gpu-egg-008,eth9
sw-egg-frontend-leaf04,swp3,gpu-egg-008,eth10
sw-egg-frontend-leaf05,swp3,gpu-egg-009,eth9
sw-egg-frontend-leaf06,swp3,gpu-egg-009,eth10
sw-egg-frontend-leaf01,swp4,gpu-egg-010,eth9
sw-egg-frontend-leaf02,swp4,gpu-egg-010,eth10
sw-egg-frontend-leaf03,swp4,gpu-egg-011,eth9
sw-egg-frontend-leaf04,swp4,gpu-egg-011,eth10
sw-egg-frontend-leaf05,swp4,gpu-egg-012,eth9
sw-egg-frontend-leaf06,swp4,gpu-egg-012,eth10
sw-egg-frontend-leaf01,swp5,gpu-egg-013,eth9
sw-egg-frontend-leaf02,swp5,gpu-egg-013,eth10
sw-egg-frontend-leaf03,swp5,gpu-egg-014,eth9
sw-egg-frontend-leaf04,swp5,gpu-egg-014,eth10
sw-egg-frontend-leaf05,swp5,gpu-egg-015,eth9
sw-egg-frontend-leaf06,swp5,gpu-egg-015,eth10
sw-egg-frontend-leaf01,swp6,gpu-egg-016,eth9
sw-egg-frontend-leaf02,swp6,gpu-egg-016,eth10
sw-egg-frontend-leaf03,swp6,gpu-egg-017,eth9
sw-egg-frontend-leaf04,swp6,gpu-egg-017,eth10
sw-egg-frontend-leaf05,swp6,gpu-egg-018,eth9
sw-egg-frontend-leaf06,swp6,gpu-egg-018,eth10
sw-egg-frontend-leaf01,swp7,gpu-egg-019,eth9
sw-egg-frontend-leaf02,swp7,gpu-egg-019,eth10
sw-egg-frontend-leaf03,swp7,gpu-egg-020,eth9
sw-egg-frontend-leaf04,swp7,gpu-egg-020,eth10
sw-egg-frontend-leaf05,swp7,gpu-egg-021,eth9
sw-egg-frontend-leaf06,swp7,gpu-egg-021,eth10
sw-egg-frontend-leaf01,swp8,gpu-egg-022,eth9
sw-egg-frontend-leaf02,swp8,gpu-egg-022,eth10
sw-egg-frontend-leaf03,swp8,gpu-egg-023,eth9
sw-egg-frontend-leaf04,swp8,gpu-egg-023,eth10
sw-egg-frontend-leaf05,swp8,gpu-egg-024,eth9
sw-egg-frontend-leaf06,swp8,gpu-egg-024,eth10
sw-egg-frontend-leaf01,swp9,gpu-egg-025,eth9
sw-egg-frontend-leaf02,swp9,gpu-egg-025,eth10
sw-egg-frontend-leaf03,swp9,gpu-egg-026,eth9
sw-egg-frontend-leaf04,swp9,gpu-egg-026,eth10
sw-egg-frontend-leaf05,swp9,gpu-egg-027,eth9
sw-egg-frontend-leaf06,swp9,gpu-egg-027,eth10
sw-egg-frontend-leaf01,swp10,gpu-egg-028,eth9
sw-egg-frontend-leaf02,swp10,gpu-egg-028,eth10
sw-egg-frontend-leaf03,swp10,gpu-egg-029,eth9
sw-egg-frontend-leaf04,swp10,gpu-egg-029,eth10
sw-egg-frontend-leaf05,swp10,gpu-egg-030,eth9
sw-egg-frontend-leaf06,swp10,gpu-egg-030,eth10
sw-egg-frontend-leaf01,swp11,gpu-egg-031,eth9
sw-egg-frontend-leaf02,swp11,gpu-egg-031,eth10
sw-egg-frontend-leaf03,swp11,gpu-egg-032,eth9
sw-egg-frontend-leaf04,swp11,gpu-egg-032,eth10
sw-egg-frontend-leaf05,swp11,gpu-egg-033,eth9
sw-egg-frontend-leaf06,swp11,gpu-egg-033,eth10
sw-egg-frontend-leaf01,swp12,gpu-egg-034,eth9
sw-egg-frontend-leaf02,swp12,gpu-egg-034,eth10
sw-egg-frontend-leaf03,swp12,gpu-egg-035,eth9
sw-egg-frontend-leaf04,swp12,gpu-egg-035,eth10
sw-egg-frontend-leaf05,swp12,gpu-egg-036,eth9
sw-egg-frontend-leaf06,swp12,gpu-egg-036,eth10
sw-egg-frontend-leaf01,swp13,gpu-egg-037,eth9
sw-egg-frontend-leaf02,swp13,gpu-egg-037,eth10
sw-egg-frontend-leaf03,swp13,gpu-egg-038,eth9
sw-egg-frontend-leaf04,swp13,gpu-egg-038,eth10
sw-egg-frontend-leaf05,swp13,gpu-egg-039,eth9
sw-egg-frontend-leaf06,swp13,gpu-egg-039,eth10
sw-egg-frontend-leaf01,swp14,gpu-egg-040,eth9
sw-egg-frontend-leaf02,swp14,gpu-egg-040,eth10
sw-egg-frontend-leaf03,swp14,gpu-egg-041,eth9
sw-egg-frontend-leaf04,swp14,gpu-egg-041,eth10
sw-egg-frontend-leaf05,swp14,gpu-egg-042,eth9
sw-egg-frontend-leaf06,swp14,gpu-egg-042,eth10
sw-egg-frontend-leaf01,swp15,gpu-egg-043,eth9
sw-egg-frontend-leaf02,swp15,gpu-egg-043,eth10
sw-egg-frontend-leaf03,swp15,gpu-egg-044,eth9
sw-egg-frontend-leaf04,swp15,gpu-egg-044,eth10
sw-egg-frontend-leaf05,swp15,gpu-egg-045,eth9
sw-egg-frontend-leaf06,swp15,gpu-egg-045,eth10
sw-egg-frontend-leaf01,swp16,gpu-egg-046,eth9
sw-egg-frontend-leaf02,swp16,gpu-egg-046,eth10
sw-egg-frontend-leaf03,swp16,gpu-egg-047,eth9
sw-egg-frontend-leaf04,swp16,gpu-egg-047,eth10
sw-egg-frontend-leaf05,swp16,gpu-egg-048,eth9
sw-egg-frontend-leaf06,swp16,gpu-egg-048,eth10
sw-egg-frontend-leaf01,swp17,gpu-egg-049,eth9
sw-egg-frontend-leaf02,swp17,gpu-egg-049,eth10
sw-egg-frontend-leaf03,swp17,gpu-egg-050,eth9
sw-egg-frontend-leaf04,swp17,gpu-egg-050,eth10
sw-egg-frontend-leaf05,swp17,gpu-egg-051,eth9
sw-egg-frontend-leaf06,swp17,gpu-egg-051,eth10
sw-egg-frontend-leaf01,swp18,gpu-egg-052,eth9
sw-egg-frontend-leaf02,swp18,gpu-egg-052,eth10
sw-egg-frontend-leaf03,swp18,gpu-egg-053,eth9
sw-egg-frontend-leaf04,swp18,gpu-egg-053,eth10
sw-egg-frontend-leaf05,swp18,gpu-egg-054,eth9
sw-egg-frontend-leaf06,swp18,gpu-egg-054,eth10
sw-egg-frontend-leaf01,swp19,gpu-egg-055,eth9
sw-egg-frontend-leaf02,swp19,gpu-egg-055,eth10
sw-egg-frontend-leaf03,swp19,gpu-egg-056,eth9
sw-egg-frontend-leaf04,swp19,gpu-egg-056,eth10
sw-egg-frontend-leaf05,swp19,gpu-egg-057,eth9
sw-egg-frontend-leaf06,swp19,gpu-egg-057,eth10
sw-egg-frontend-leaf01,swp20,gpu-egg-058,eth9
sw-egg-frontend-leaf02,swp20,gpu-egg-058,eth10
sw-egg-frontend-leaf03,swp20,gpu-egg-059,eth9
sw-egg-frontend-leaf04,swp20,gpu-egg-059,eth10
sw-egg-frontend-leaf05,swp20,gpu-egg-060,eth9
sw-egg-frontend-leaf06,swp20,gpu-egg-060,eth10
sw-egg-frontend-leaf01,swp21,gpu-egg-061,eth9
sw-egg-frontend-leaf02,swp21,gpu-egg-061,eth10
sw-egg-frontend-leaf03,swp21,gpu-egg-062,eth9
sw-egg-frontend-leaf04,swp21,gpu-egg-062,eth10
sw-egg-frontend-leaf05,swp21,gpu-egg-063,eth9
sw-egg-frontend-leaf06,swp21,gpu-egg-063,eth10
sw-egg-frontend-leaf01,swp22,gpu-egg-064,eth9
sw-egg-frontend-leaf02,swp22,gpu-egg-064,eth10
sw-egg-frontend-leaf03,swp22,gpu-egg-065,eth9
sw-egg-frontend-leaf04,swp22,gpu-egg-065,eth10
sw-egg-frontend-leaf05,swp22,gpu-egg-066,eth9
sw-egg-frontend-leaf06,swp22,gpu-egg-066,eth10
sw-egg-frontend-leaf01,swp23,gpu-egg-067,eth9
sw-egg-frontend-leaf02,swp23,gpu-egg-067,eth10
sw-egg-frontend-leaf03,swp23,gpu-egg-068,eth9
sw-egg-frontend-leaf04,swp23,gpu-egg-068,eth10
sw-egg-frontend-leaf05,swp23,gpu-egg-069,eth9
sw-egg-frontend-leaf06,swp23,gpu-egg-069,eth10
sw-egg-frontend-leaf01,swp24,gpu-egg-070,eth9
sw-egg-frontend-leaf02,swp24,gpu-egg-070,eth10
sw-egg-frontend-leaf03,swp24,gpu-egg-071,eth9
sw-egg-frontend-leaf04,swp24,gpu-egg-071,eth10
sw-egg-frontend-leaf05,swp24,gpu-egg-072,eth9
sw-egg-frontend-leaf06,swp24,gpu-egg-072,eth10
sw-egg-frontend-leaf01,swp25,gpu-egg-073,eth9
sw-egg-frontend-leaf02,swp25,gpu-egg-073,eth10
sw-egg-frontend-leaf03,swp25,gpu-egg-074,eth9
sw-egg-frontend-leaf04,swp25,gpu-egg-074,eth10
sw-egg-frontend-leaf05,swp25,gpu-egg-075,eth9
sw-egg-frontend-leaf06,swp25,gpu-egg-075,eth10
sw-egg-frontend-leaf01,swp26,gpu-egg-076,eth9
sw-egg-frontend-leaf02,swp26,gpu-egg-076,eth10
sw-egg-frontend-leaf03,swp26,gpu-egg-077,eth9
sw-egg-frontend-leaf04,swp26,gpu-egg-077,eth10
sw-egg-frontend-leaf05,swp26,gpu-egg-078,eth9
sw-egg-frontend-leaf06,swp26,gpu-egg-078,eth10
sw-egg-frontend-leaf01,swp27,gpu-egg-079,eth9
sw-egg-frontend-leaf02,swp27,gpu-egg-079,eth10
sw-egg-frontend-leaf03,swp27,gpu-egg-080,eth9
sw-egg-frontend-leaf04,swp27,gpu-egg-080,eth10
sw-egg-frontend-leaf05,swp27,gpu-egg-081,eth9
sw-egg-frontend-leaf06,swp27,gpu-egg-081,eth10
sw-egg-frontend-leaf01,swp28,gpu-egg-082,eth9
sw-egg-frontend-leaf02,swp28,gpu-egg-082,eth10
sw-egg-frontend-leaf03,swp28,gpu-egg-083,eth9
sw-egg-frontend-leaf04,swp28,gpu-egg-083,eth10
sw-egg-frontend-leaf05,swp28,gpu-egg-084,eth9
sw-egg-frontend-leaf06,swp28,gpu-egg-084,eth10
sw-egg-frontend-leaf01,swp29,gpu-egg-085,eth9
sw-egg-frontend-leaf02,swp29,gpu-egg-085,eth10
sw-egg-frontend-leaf03,swp29,gpu-egg-086,eth9
sw-egg-frontend-leaf04,swp29,gpu-egg-086,eth10
sw-egg-frontend-leaf05,swp29,gpu-egg-087,eth9
sw-egg-frontend-leaf06,swp29,gpu-egg-087,eth10
sw-egg-frontend-leaf01,swp30,gpu-egg-088,eth9
sw-egg-frontend-leaf02,swp30,gpu-egg-088,eth10
sw-egg-frontend-leaf03,swp30,gpu-egg-089,eth9
sw-egg-frontend-leaf04,swp30,gpu-egg-089,eth10
sw-egg-frontend-leaf05,swp30,gpu-egg-090,eth9
sw-egg-frontend-leaf06,swp30,gpu-egg-090,eth10
sw-egg-frontend-leaf01,swp31,gpu-egg-091,eth9
sw-egg-frontend-leaf02,swp31,gpu-egg-091,eth10
sw-egg-frontend-leaf03,swp31,gpu-egg-092,eth9
sw-egg-frontend-leaf04,swp31,gpu-egg-092,eth10
sw-egg-frontend-leaf05,swp31,gpu-egg-093,eth9
sw-egg-frontend-leaf06,swp31,gpu-egg-093,eth10
sw-egg-frontend-leaf01,swp32,gpu-egg-094,eth9
sw-egg-frontend-leaf02,swp32,gpu-egg-094,eth10
sw-egg-frontend-leaf03,swp32,gpu-egg-095,eth9
sw-egg-frontend-leaf04,swp32,gpu-egg-095,eth10
sw-egg-frontend-leaf05,swp32,gpu-egg-096,eth9
sw-egg-frontend-leaf06,swp32,gpu-egg-096,eth10
sw-egg-frontend-leaf01,swp33,gpu-egg-097,eth9
sw-egg-frontend-leaf02,swp33,gpu-egg-097,eth10
sw-egg-frontend-leaf03,swp33,gpu-egg-098,eth9
sw-egg-frontend-leaf04,swp33,gpu-egg-098,eth10
sw-egg-frontend-leaf05,swp33,gpu-egg-099,eth9
sw-egg-frontend-leaf06,swp33,gpu-egg-099,eth10
sw-egg-frontend-leaf01,swp34,gpu-egg-100,eth9
sw-egg-frontend-leaf02,swp34,gpu-egg-100,eth10
sw-egg-frontend-leaf03,swp34,gpu-egg-101,eth9
sw-egg-frontend-leaf04,swp34,gpu-egg-101,eth10
sw-egg-frontend-leaf05,swp34,gpu-egg-102,eth9
sw-egg-frontend-leaf06,swp34,gpu-egg-102,eth10
sw-egg-frontend-leaf01,swp35,gpu-egg-103,eth9
sw-egg-frontend-leaf02,swp35,gpu-egg-103,eth10
sw-egg-frontend-leaf03,swp35,gpu-egg-104,eth9
sw-egg-frontend-leaf04,swp35,gpu-egg-104,eth10
sw-egg-frontend-leaf05,swp35,gpu-egg-105,eth9
sw-egg-frontend-leaf06,swp35,gpu-egg-105,eth10
sw-egg-frontend-leaf01,swp36,gpu-egg-106,eth9
sw-egg-frontend-leaf02,swp36,gpu-egg-106,eth10
sw-egg-frontend-leaf03,swp36,gpu-egg-107,eth9
sw-egg-frontend-leaf04,swp36,gpu-egg-107,eth10
sw-egg-frontend-leaf05,swp36,gpu-egg-108,eth9
sw-egg-frontend-leaf06,swp36,gpu-egg-108,eth10
sw-egg-frontend-leaf01,swp37,gpu-egg-109,eth9
sw-egg-frontend-leaf02,swp37,gpu-egg-109,eth10
sw-egg-frontend-leaf03,swp37,gpu-egg-110,eth9
sw-egg-frontend-leaf04,swp37,gpu-egg-110,eth10
sw-egg-frontend-leaf05,swp37,gpu-egg-111,eth9
sw-egg-frontend-leaf06,swp37,gpu-egg-111,eth10
sw-egg-frontend-leaf01,swp38,gpu-egg-112,eth9
sw-egg-frontend-leaf02,swp38,gpu-egg-112,eth10
sw-egg-frontend-leaf03,swp38,gpu-egg-113,eth9
sw-egg-frontend-leaf04,swp38,gpu-egg-113,eth10
sw-egg-frontend-leaf05,swp38,gpu-egg-114,eth9
sw-egg-frontend-leaf06,swp38,gpu-egg-114,eth10
sw-egg-frontend-leaf01,swp39,gpu-egg-115,eth9
sw-egg-frontend-leaf02,swp39,gpu-egg-115,eth10
sw-egg-frontend-leaf03,swp39,gpu-egg-116,eth9
sw-egg-frontend-leaf04,swp39,gpu-egg-116,eth10
sw-egg-frontend-leaf05,swp39,gpu-egg-117,eth9
sw-egg-frontend-leaf06,swp39,gpu-egg-117,eth10
sw-egg-frontend-leaf01,swp40,gpu-egg-118,eth9
sw-egg-frontend-leaf02,swp40,gpu-egg-118,eth10
sw-egg-frontend-leaf03,swp40,gpu-egg-119,eth9
sw-egg-frontend-leaf04,swp40,gpu-egg-119,eth10
sw-egg-frontend-leaf05,swp40,gpu-egg-120,eth9
sw-egg-frontend-leaf06,swp40,gpu-egg-120,eth10
sw-egg-frontend-leaf01,swp41,gpu-egg-121,eth9
sw-egg-frontend-leaf02,swp41,gpu-egg-121,eth10
sw-egg-frontend-leaf03,swp41,gpu-egg-122,eth9
sw-egg-frontend-leaf04,swp41,gpu-egg-122,eth10
sw-egg-frontend-leaf05,swp41,gpu-egg-123,eth9
sw-egg-frontend-leaf06,swp41,gpu-egg-123,eth10
sw-egg-frontend-leaf01,swp42,gpu-egg-124,eth9
sw-egg-frontend-leaf02,swp42,gpu-egg-124,eth10
sw-egg-frontend-leaf03,swp42,gpu-egg-125,eth9
sw-egg-frontend-leaf04,swp42,gpu-egg-125,eth10
sw-egg-frontend-leaf05,swp42,gpu-egg-126,eth9
sw-egg-frontend-leaf06,swp42,gpu-egg-126,eth10
sw-egg-frontend-leaf01,swp43,gpu-egg-127,eth9
sw-egg-frontend-leaf02,swp43,gpu-egg-127,eth10
sw-egg-frontend-leaf03,swp43,gpu-egg-128,eth9
sw-egg-frontend-leaf04,swp43,gpu-egg-128,eth10
